{
  "lastUpdated": "2025-11-11",
  "totalStores": 110,
  "stores": {
    "1": {
      "number": 1,
      "name": "John Glenn",
      "city": "Liverpool",
      "state": "NY",
      "address": "7519 Oswego Road",
      "zip": "13090",
      "phone": "315-546-1200",
      "hasPickup": true,
      "hasDelivery": true,
      "hasPharmacy": true
    },
    "3": {
      "number": 3,
      "name": "Eastway",
      "city": "Webster",
      "state": "NY",
      "address": "1955 Empire Boulevard",
      "zip": "14580",
      "phone": "585-671-8290",
      "hasPickup": true,
      "hasDelivery": true,
      "hasPharmacy": true
    },
    "4": {
      "number": 4,
      "name": "Fairport",
      "city": "East Rochester",
      "state": "NY",
      "address": "851 Fairport Rd.",
      "zip": "14445",
      "phone": "585-586-8340",
      "hasPickup": true,
      "hasDelivery": true,
      "hasPharmacy": true
    },
    "6": {
      "number": 6,
      "name": "Newark",
      "city": "Newark",
      "state": "NY",
      "address": "800 West Miller St.",
      "zip": "14513",
      "phone": "315-331-4440",
      "hasPickup": true,
      "hasDelivery": true,
      "hasPharmacy": true
    },
    "7": {
      "number": 7,
      "name": "Dulles",
      "city": "Sterling",
      "state": "VA",
      "address": "45131 Columbia Place",
      "zip": "20166",
      "phone": "703-421-2400",
      "hasPickup": true,
      "hasDelivery": true,
      "hasPharmacy": true
    },
    "8": {
      "number": 8,
      "name": "Mt. Laurel",
      "city": "Mt. Laurel",
      "state": "NJ",
      "address": "2 Centerton Road",
      "zip": "08054",
      "phone": "856-439-7300",
      "hasPickup": true,
      "hasDelivery": true,
      "hasPharmacy": true
    },
    "9": {
      "number": 9,
      "name": "Ocean",
      "city": "Ocean",
      "state": "NJ",
      "address": "1104 Highway 35 S",
      "zip": "07712",
      "phone": "732-695-7000",
      "hasPickup": true,
      "hasDelivery": true,
      "hasPharmacy": true
    },
    "10": {
      "number": 10,
      "name": "Cherry Hill",
      "city": "Cherry Hill",
      "state": "NJ",
      "address": "2100 Route 70 West",
      "zip": "08002",
      "phone": "856-488-2700",
      "hasPickup": true,
      "hasDelivery": true,
      "hasPharmacy": true
    },
    "11": {
      "number": 11,
      "name": "Canandaigua",
      "city": "Canandaigua",
      "state": "NY",
      "address": "345 Eastern Boulevard",
      "zip": "14424",
      "phone": "585-394-4820",
      "hasPickup": true,
      "hasDelivery": true,
      "hasPharmacy": true
    },
    "12": {
      "number": 12,
      "name": "Ridgemont",
      "city": "Rochester",
      "state": "NY",
      "address": "2833 Ridge Road West",
      "zip": "14626",
      "phone": "585-723-6000",
      "hasPickup": true,
      "hasDelivery": true,
      "hasPharmacy": true
    },
    "13": {
      "number": 13,
      "name": "Lyell Ave.",
      "city": "Rochester",
      "state": "NY",
      "address": "2301 Lyell Avenue",
      "zip": "14606",
      "phone": "585-429-4400",
      "hasPickup": true,
      "hasDelivery": true,
      "hasPharmacy": true
    },
    "14": {
      "number": 14,
      "name": "Hunt Valley",
      "city": "Hunt Valley",
      "state": "MD",
      "address": "122 Shawan Road",
      "zip": "21030",
      "phone": "410-773-3900",
      "hasPickup": true,
      "hasDelivery": true,
      "hasPharmacy": true
    },
    "16": {
      "number": 16,
      "name": "Fairfax",
      "city": "Fairfax",
      "state": "VA",
      "address": "11620 Monument Drive",
      "zip": "22030",
      "phone": "703-653-1600",
      "hasPickup": true,
      "hasDelivery": true,
      "hasPharmacy": true
    },
    "17": {
      "number": 17,
      "name": "Hornell",
      "city": "Hornell",
      "state": "NY",
      "address": "1000 Highway 36 North",
      "zip": "14843",
      "phone": "607-324-0600",
      "hasPickup": true,
      "hasDelivery": true,
      "hasPharmacy": true
    },
    "18": {
      "number": 18,
      "name": "East Ave.",
      "city": "Rochester",
      "state": "NY",
      "address": "1750 East Avenue",
      "zip": "14610",
      "phone": "585-244-7950",
      "hasPickup": true,
      "hasDelivery": true,
      "hasPharmacy": true
    },
    "19": {
      "number": 19,
      "name": "Ridge-Culver",
      "city": "Rochester",
      "state": "NY",
      "address": "2200 Ridge Road East",
      "zip": "14622",
      "phone": "585-342-4810",
      "hasPickup": true,
      "hasDelivery": true,
      "hasPharmacy": true
    },
    "20": {
      "number": 20,
      "name": "Mt. Read",
      "city": "Rochester",
      "state": "NY",
      "address": "3701 Mt. Read Boulevard",
      "zip": "14616",
      "phone": "585-663-4120",
      "hasPickup": true,
      "hasDelivery": true,
      "hasPharmacy": true
    },
    "22": {
      "number": 22,
      "name": "Calkins Rd.",
      "city": "Rochester",
      "state": "NY",
      "address": "745 Calkins Road",
      "zip": "14623",
      "phone": "585-334-4010",
      "hasPickup": true,
      "hasDelivery": true,
      "hasPharmacy": true
    },
    "24": {
      "number": 24,
      "name": "Perinton",
      "city": "Fairport",
      "state": "NY",
      "address": "6600 Pittsford-Palmyra Road",
      "zip": "14450",
      "phone": "585-223-4092",
      "hasPickup": true,
      "hasDelivery": true,
      "hasPharmacy": true
    },
    "25": {
      "number": 25,
      "name": "Pittsford",
      "city": "Rochester",
      "state": "NY",
      "address": "3195 Monroe Avenue",
      "zip": "14618",
      "phone": "585-586-6680",
      "hasPickup": true,
      "hasDelivery": true,
      "hasPharmacy": true
    },
    "26": {
      "number": 26,
      "name": "Geneseo",
      "city": "Geneseo",
      "state": "NY",
      "address": "4287 Genesee Valley Plaza",
      "zip": "14454",
      "phone": "585-243-9000",
      "hasPickup": true,
      "hasDelivery": true,
      "hasPharmacy": true
    },
    "30": {
      "number": 30,
      "name": "Dewitt",
      "city": "Fayetteville",
      "state": "NY",
      "address": "6789 East Genesee Street",
      "zip": "13066",
      "phone": "315-446-1180",
      "hasPickup": true,
      "hasDelivery": true,
      "hasPharmacy": true
    },
    "31": {
      "number": 31,
      "name": "Onondaga",
      "city": "Syracuse",
      "state": "NY",
      "address": "4722 Onondaga Boulevard",
      "zip": "13219",
      "phone": "315-478-3313",
      "hasPickup": true,
      "hasDelivery": true,
      "hasPharmacy": true
    },
    "32": {
      "number": 32,
      "name": "Woodbridge",
      "city": "Woodbridge",
      "state": "NJ",
      "address": "15 Woodbridge Center Drive",
      "zip": "07095",
      "phone": "732-596-3200",
      "hasPickup": true,
      "hasDelivery": true,
      "hasPharmacy": true
    },
    "33": {
      "number": 33,
      "name": "Cicero",
      "city": "Cicero",
      "state": "NY",
      "address": "7952 Brewerton Road",
      "zip": "13039",
      "phone": "315-698-6700",
      "hasPickup": true,
      "hasDelivery": true,
      "hasPharmacy": true
    },
    "34": {
      "number": 34,
      "name": "Taft Rd.",
      "city": "Liverpool",
      "state": "NY",
      "address": "4979 West Taft Road",
      "zip": "13088",
      "phone": "315-457-0514",
      "hasPickup": true,
      "hasDelivery": true,
      "hasPharmacy": true
    },
    "35": {
      "number": 35,
      "name": "Great Northern",
      "city": "Liverpool",
      "state": "NY",
      "address": "3955 Route 31",
      "zip": "13090",
      "phone": "315-622-4632",
      "hasPickup": true,
      "hasDelivery": true,
      "hasPharmacy": true
    },
    "36": {
      "number": 36,
      "name": "Warrington",
      "city": "Warrington",
      "state": "PA",
      "address": "1405 Main St",
      "zip": "18976-2492",
      "phone": "215-918-3900",
      "hasPickup": true,
      "hasDelivery": true,
      "hasPharmacy": true
    },
    "37": {
      "number": 37,
      "name": "James St.",
      "city": "East Syracuse",
      "state": "NY",
      "address": "4256 James Street",
      "zip": "13057",
      "phone": "315-437-1534",
      "hasPickup": true,
      "hasDelivery": true,
      "hasPharmacy": true
    },
    "38": {
      "number": 38,
      "name": "Auburn",
      "city": "Auburn",
      "state": "NY",
      "address": "1 Loop Road",
      "zip": "13021",
      "phone": "315-255-2231",
      "hasPickup": true,
      "hasDelivery": true,
      "hasPharmacy": true
    },
    "39": {
      "number": 39,
      "name": "Fairmount",
      "city": "Syracuse",
      "state": "NY",
      "address": "3325 West Genesee Street",
      "zip": "13219",
      "phone": "315-487-1581",
      "hasPickup": true,
      "hasDelivery": true,
      "hasPharmacy": true
    },
    "40": {
      "number": 40,
      "name": "Woodmore",
      "city": "Lanham",
      "state": "MD",
      "address": "9001 McHugh Drive.",
      "zip": "20706",
      "phone": "240-487-5400",
      "hasPickup": true,
      "hasDelivery": true,
      "hasPharmacy": true
    },
    "41": {
      "number": 41,
      "name": "Fredericksburg",
      "city": "Fredericksburg",
      "state": "VA",
      "address": "2281 Carl D. Silver Parkway",
      "zip": "22401",
      "phone": "540-322-4800",
      "hasPickup": true,
      "hasDelivery": true,
      "hasPharmacy": true
    },
    "42": {
      "number": 42,
      "name": "Lake Manassas",
      "city": "Gainesville",
      "state": "VA",
      "address": "8297 Stonewall Shops Square",
      "zip": "20155",
      "phone": "571-222-2300",
      "hasPickup": true,
      "hasDelivery": true,
      "hasPharmacy": true
    },
    "43": {
      "number": 43,
      "name": "Collegeville",
      "city": "Collegeville",
      "state": "PA",
      "address": "600 Commerce Drive",
      "zip": "19426",
      "phone": "484-902-1500",
      "hasPickup": true,
      "hasDelivery": true,
      "hasPharmacy": true
    },
    "44": {
      "number": 44,
      "name": "Leesburg",
      "city": "Leesburg",
      "state": "VA",
      "address": "101 Crosstrail Blvd SE",
      "zip": "20175",
      "phone": "703-669-2044",
      "hasPickup": true,
      "hasDelivery": true,
      "hasPharmacy": true
    },
    "45": {
      "number": 45,
      "name": "Harrisburg",
      "city": "Mechanicsburg",
      "state": "PA",
      "address": "6416 Carlisle Pike Suite 2000",
      "zip": "17050",
      "phone": "717-791-4500",
      "hasPickup": true,
      "hasDelivery": true,
      "hasPharmacy": true
    },
    "46": {
      "number": 46,
      "name": "Malvern",
      "city": "Malvern",
      "state": "PA",
      "address": "50 Foundry Way",
      "zip": "19355",
      "phone": "484-913-9600",
      "hasPickup": true,
      "hasDelivery": true,
      "hasPharmacy": true
    },
    "47": {
      "number": 47,
      "name": "Columbia",
      "city": "Columbia",
      "state": "MD",
      "address": "8855 McGaw Rd",
      "zip": "21045",
      "phone": "443-537-2900",
      "hasPickup": true,
      "hasDelivery": true,
      "hasPharmacy": true
    },
    "48": {
      "number": 48,
      "name": "King of Prussia",
      "city": "King of Prussia",
      "state": "PA",
      "address": "1 Village Dr",
      "zip": "19406",
      "phone": "484-690-3500",
      "hasPickup": true,
      "hasDelivery": true,
      "hasPharmacy": true
    },
    "49": {
      "number": 49,
      "name": "Alexandria",
      "city": "Alexandria",
      "state": "VA",
      "address": "7905 Hilltop Village Center Drive",
      "zip": "22315",
      "phone": "571-527-2400",
      "hasPickup": true,
      "hasDelivery": true,
      "hasPharmacy": true
    },
    "50": {
      "number": 50,
      "name": "Downingtown",
      "city": "Downingtown",
      "state": "PA",
      "address": "1056 East Lancaster Avenue",
      "zip": "19335",
      "phone": "610-518-7800",
      "hasPickup": true,
      "hasDelivery": true,
      "hasPharmacy": true
    },
    "51": {
      "number": 51,
      "name": "Corning",
      "city": "Corning",
      "state": "NY",
      "address": "24 S Bridge St",
      "zip": "14830-2257",
      "phone": "607-937-8347",
      "hasPickup": true,
      "hasDelivery": true,
      "hasPharmacy": true
    },
    "53": {
      "number": 53,
      "name": "Bel Air",
      "city": "Abingdon",
      "state": "MD",
      "address": "21 Wegmans Blvd.",
      "zip": "21009",
      "phone": "443-372-2900",
      "hasPickup": true,
      "hasDelivery": true,
      "hasPharmacy": true
    },
    "54": {
      "number": 54,
      "name": "Frederick",
      "city": "Frederick",
      "state": "MD",
      "address": "7830 Wormans Mill Road",
      "zip": "21701",
      "phone": "240-575-7300",
      "hasPickup": true,
      "hasDelivery": true,
      "hasPharmacy": true
    },
    "55": {
      "number": 55,
      "name": "Potomac",
      "city": "Woodbridge",
      "state": "VA",
      "address": "14801 Dining Way",
      "zip": "22191",
      "phone": "703-763-5500",
      "hasPickup": true,
      "hasDelivery": true,
      "hasPharmacy": true
    },
    "56": {
      "number": 56,
      "name": "Germantown",
      "city": "Germantown",
      "state": "MD",
      "address": "20600 Seneca Meadows Parkway",
      "zip": "20876",
      "phone": "240-499-0700",
      "hasPickup": true,
      "hasDelivery": true,
      "hasPharmacy": true
    },
    "57": {
      "number": 57,
      "name": "Westwood",
      "city": "Westwood",
      "state": "MA",
      "address": "169 University Avenue",
      "zip": "02090",
      "phone": "781-234-0300",
      "hasPickup": true,
      "hasDelivery": true,
      "hasPharmacy": true
    },
    "58": {
      "number": 58,
      "name": "Northborough",
      "city": "Northborough",
      "state": "MA",
      "address": "9102 Shops Way",
      "zip": "01532",
      "phone": "508-936-1900",
      "hasPickup": true,
      "hasDelivery": true,
      "hasPharmacy": true
    },
    "59": {
      "number": 59,
      "name": "Burlington",
      "city": "Burlington",
      "state": "MA",
      "address": "53 Third Avenue",
      "zip": "01803",
      "phone": "781-418-0700",
      "hasPickup": true,
      "hasDelivery": true,
      "hasPharmacy": true
    },
    "60": {
      "number": 60,
      "name": "Crofton",
      "city": "Gambrills",
      "state": "MD",
      "address": "1413 South Main Chapel Way",
      "zip": "21054",
      "phone": "443-332-6200",
      "hasPickup": true,
      "hasDelivery": true,
      "hasPharmacy": true
    },
    "62": {
      "number": 62,
      "name": "Marketplace",
      "city": "Rochester",
      "state": "NY",
      "address": "650 Hylan Drive",
      "zip": "14623",
      "phone": "585-424-7255",
      "hasPickup": true,
      "hasDelivery": true,
      "hasPharmacy": true
    },
    "63": {
      "number": 63,
      "name": "Penfield",
      "city": "Penfield",
      "state": "NY",
      "address": "2157 Penfield Road",
      "zip": "14526",
      "phone": "585-248-3200",
      "hasPickup": true,
      "hasDelivery": true,
      "hasPharmacy": true
    },
    "64": {
      "number": 64,
      "name": "Latta Rd.",
      "city": "Rochester",
      "state": "NY",
      "address": "3177 Latta Road",
      "zip": "14612",
      "phone": "585-723-8260",
      "hasPickup": true,
      "hasDelivery": true,
      "hasPharmacy": true
    },
    "65": {
      "number": 65,
      "name": "Brockport",
      "city": "Brockport",
      "state": "NY",
      "address": "6660 4th Section Rd",
      "zip": "14420-2448",
      "phone": "585-637-3111",
      "hasPickup": true,
      "hasDelivery": true,
      "hasPharmacy": true
    },
    "66": {
      "number": 66,
      "name": "Holt Rd.",
      "city": "Webster",
      "state": "NY",
      "address": "900 Holt Road",
      "zip": "14580",
      "phone": "585-872-0780",
      "hasPickup": true,
      "hasDelivery": true,
      "hasPharmacy": true
    },
    "67": {
      "number": 67,
      "name": "Irondequoit",
      "city": "Rochester",
      "state": "NY",
      "address": "525 Titus Avenue",
      "zip": "14617",
      "phone": "585-266-4090",
      "hasPickup": true,
      "hasDelivery": true,
      "hasPharmacy": true
    },
    "68": {
      "number": 68,
      "name": "Chili Paul",
      "city": "Rochester",
      "state": "NY",
      "address": "3175 Chili Avenue",
      "zip": "14624",
      "phone": "585-426-5010",
      "hasPickup": true,
      "hasDelivery": true,
      "hasPharmacy": true
    },
    "69": {
      "number": 69,
      "name": "Erie West",
      "city": "Erie",
      "state": "PA",
      "address": "5028 West Ridge Road",
      "zip": "16506",
      "phone": "814-835-1900",
      "hasPickup": true,
      "hasDelivery": true,
      "hasPharmacy": true
    },
    "70": {
      "number": 70,
      "name": "Elmira",
      "city": "Elmira",
      "state": "NY",
      "address": "1100 Clemens Center Pkwy",
      "zip": "14901",
      "phone": "607-737-0770",
      "hasPickup": true,
      "hasDelivery": true,
      "hasPharmacy": true
    },
    "71": {
      "number": 71,
      "name": "Ithaca",
      "city": "Ithaca",
      "state": "NY",
      "address": "500 South Meadow Street",
      "zip": "14850",
      "phone": "607-277-5800",
      "hasPickup": true,
      "hasDelivery": true,
      "hasPharmacy": true
    },
    "73": {
      "number": 73,
      "name": "Johnson City",
      "city": "Johnson City",
      "state": "NY",
      "address": "650 Harry L Drive",
      "zip": "13790",
      "phone": "607-729-7782",
      "hasPickup": true,
      "hasDelivery": true,
      "hasPharmacy": true
    },
    "74": {
      "number": 74,
      "name": "Geneva",
      "city": "Geneva",
      "state": "NY",
      "address": "300 Hamilton Street",
      "zip": "14456",
      "phone": "315-781-5800",
      "hasPickup": true,
      "hasDelivery": true,
      "hasPharmacy": true
    },
    "75": {
      "number": 75,
      "name": "Erie Peach St.",
      "city": "Erie",
      "state": "PA",
      "address": "6143 Peach Street",
      "zip": "16509",
      "phone": "814-860-5300",
      "hasPickup": true,
      "hasDelivery": true,
      "hasPharmacy": true
    },
    "76": {
      "number": 76,
      "name": "Scranton",
      "city": "Scranton",
      "state": "PA",
      "address": "1315 Cold Spring Road",
      "zip": "18508",
      "phone": "570-383-8721",
      "hasPickup": true,
      "hasDelivery": true,
      "hasPharmacy": true
    },
    "77": {
      "number": 77,
      "name": "Wilkes-Barre",
      "city": "Wilkes-Barre",
      "state": "PA",
      "address": "220 Highland Park Blvd",
      "zip": "18702",
      "phone": "570-825-4400",
      "hasPickup": true,
      "hasDelivery": true,
      "hasPharmacy": true
    },
    "78": {
      "number": 78,
      "name": "Williamsport",
      "city": "Williamsport",
      "state": "PA",
      "address": "201 William Street",
      "zip": "17701",
      "phone": "570-320-8778",
      "hasPickup": true,
      "hasDelivery": true,
      "hasPharmacy": true
    },
    "79": {
      "number": 79,
      "name": "Allentown",
      "city": "Allentown",
      "state": "PA",
      "address": "3900 Tilghman Street",
      "zip": "18104",
      "phone": "610-336-7900",
      "hasPickup": true,
      "hasDelivery": true,
      "hasPharmacy": true
    },
    "80": {
      "number": 80,
      "name": "Dick Rd.",
      "city": "Depew",
      "state": "NY",
      "address": "651 Dick Road",
      "zip": "14043",
      "phone": "716-685-8100",
      "hasPickup": true,
      "hasDelivery": true,
      "hasPharmacy": true
    },
    "82": {
      "number": 82,
      "name": "Alberta Dr.",
      "city": "Amherst",
      "state": "NY",
      "address": "675 Alberta Drive",
      "zip": "14226",
      "phone": "716-831-6300",
      "hasPickup": true,
      "hasDelivery": true,
      "hasPharmacy": true
    },
    "83": {
      "number": 83,
      "name": "Sheridan Dr.",
      "city": "Williamsville",
      "state": "NY",
      "address": "5275 Sheridan Drive",
      "zip": "14221",
      "phone": "716-631-4300",
      "hasPickup": true,
      "hasDelivery": true,
      "hasPharmacy": true
    },
    "84": {
      "number": 84,
      "name": "McKinley",
      "city": "Buffalo",
      "state": "NY",
      "address": "3740 McKinley Pkwy",
      "zip": "14219-3097",
      "phone": "716-362-8400",
      "hasPickup": true,
      "hasDelivery": true,
      "hasPharmacy": true
    },
    "86": {
      "number": 86,
      "name": "Niagara Falls Blvd.",
      "city": "Amherst",
      "state": "NY",
      "address": "3135 Niagara Falls Blvd",
      "zip": "14228",
      "phone": "716-691-0800",
      "hasPickup": true,
      "hasDelivery": true,
      "hasPharmacy": true
    },
    "87": {
      "number": 87,
      "name": "Losson Rd.",
      "city": "Depew",
      "state": "NY",
      "address": "4960 Transit Road",
      "zip": "14043",
      "phone": "716-685-7300",
      "hasPickup": true,
      "hasDelivery": true,
      "hasPharmacy": true
    },
    "88": {
      "number": 88,
      "name": "Jamestown",
      "city": "Jamestown",
      "state": "NY",
      "address": "945 Fairmount Ave",
      "zip": "14701-2454",
      "phone": "716-483-9900",
      "hasPickup": true,
      "hasDelivery": true,
      "hasPharmacy": true
    },
    "89": {
      "number": 89,
      "name": "West Seneca",
      "city": "West Seneca",
      "state": "NY",
      "address": "370 Orchard Park Road",
      "zip": "14224",
      "phone": "716-826-4000",
      "hasPickup": true,
      "hasDelivery": true,
      "hasPharmacy": true
    },
    "90": {
      "number": 90,
      "name": "Transit Rd.",
      "city": "Williamsville",
      "state": "NY",
      "address": "8270 Transit Road",
      "zip": "14221",
      "phone": "716-636-5600",
      "hasPickup": true,
      "hasDelivery": true,
      "hasPharmacy": true
    },
    "91": {
      "number": 91,
      "name": "Amherst St",
      "city": "Buffalo",
      "state": "NY",
      "address": "601 Amherst Street",
      "zip": "14207",
      "phone": "716-877-0500",
      "hasPickup": true,
      "hasDelivery": true,
      "hasPharmacy": true
    },
    "92": {
      "number": 92,
      "name": "Military Rd.",
      "city": "Niagara Falls",
      "state": "NY",
      "address": "1577 Military Road",
      "zip": "14304",
      "phone": "716-298-3100",
      "hasPickup": true,
      "hasDelivery": true,
      "hasPharmacy": true
    },
    "93": {
      "number": 93,
      "name": "Princeton",
      "city": "Princeton",
      "state": "NJ",
      "address": "240 Nassau Park Blvd",
      "zip": "08540",
      "phone": "609-919-9300",
      "hasPickup": true,
      "hasDelivery": true,
      "hasPharmacy": true
    },
    "94": {
      "number": 94,
      "name": "Nazareth",
      "city": "Easton",
      "state": "PA",
      "address": "3791 Easton Nazareth Hwy",
      "zip": "18045",
      "phone": "610-515-2400",
      "hasPickup": true,
      "hasDelivery": true,
      "hasPharmacy": true
    },
    "95": {
      "number": 95,
      "name": "Manalapan",
      "city": "Englishtown",
      "state": "NJ",
      "address": "55 US Highway 9",
      "zip": "07726-3018",
      "phone": "732-625-4100",
      "hasPickup": true,
      "hasDelivery": true,
      "hasPharmacy": true
    },
    "96": {
      "number": 96,
      "name": "Bridgewater",
      "city": "Bridgewater",
      "state": "NJ",
      "address": "724 Route 202 South",
      "zip": "08807",
      "phone": "908-243-9600",
      "hasPickup": true,
      "hasDelivery": true,
      "hasPharmacy": true
    },
    "97": {
      "number": 97,
      "name": "Bethlehem",
      "city": "Bethlehem",
      "state": "PA",
      "address": "5000 Wegmans Drive",
      "zip": "18017",
      "phone": "610-317-1300",
      "hasPickup": true,
      "hasDelivery": true,
      "hasPharmacy": true
    },
    "98": {
      "number": 98,
      "name": "State College",
      "city": "State College",
      "state": "PA",
      "address": "345 Colonnade Blvd",
      "zip": "16803",
      "phone": "814-278-9000",
      "hasPickup": true,
      "hasDelivery": true,
      "hasPharmacy": true
    },
    "104": {
      "number": 104,
      "name": "Montgomeryville",
      "city": "North Wales",
      "state": "PA",
      "address": "500 Montgomery Mall",
      "zip": "19454",
      "phone": "267-677-0700",
      "hasPickup": true,
      "hasDelivery": true,
      "hasPharmacy": true
    },
    "105": {
      "number": 105,
      "name": "Montvale",
      "city": "Montvale",
      "state": "NJ",
      "address": "100 Farm View",
      "zip": "07645",
      "phone": "551-249-2200",
      "hasPickup": true,
      "hasDelivery": true,
      "hasPharmacy": true
    },
    "108": {
      "number": 108,
      "name": "Raleigh",
      "city": "Raleigh",
      "state": "NC",
      "address": "1200 Wake Towne Drive",
      "zip": "27609-7495",
      "phone": "984-960-5600",
      "hasPickup": true,
      "hasDelivery": true,
      "hasPharmacy": true
    },
    "111": {
      "number": 111,
      "name": "Brooklyn",
      "city": "Brooklyn",
      "state": "NY",
      "address": "21 Flushing Ave",
      "zip": "11205",
      "phone": "347-694-8510",
      "hasPickup": true,
      "hasDelivery": true,
      "hasPharmacy": false
    },
    "115": {
      "number": 115,
      "name": "Tysons",
      "city": "Tysons",
      "state": "VA",
      "address": "1835 Capital One Drive South",
      "zip": "22102",
      "phone": "571-423-0700",
      "hasPickup": true,
      "hasDelivery": true,
      "hasPharmacy": false
    },
    "119": {
      "number": 119,
      "name": "Wilmington",
      "city": "Wilmington",
      "state": "DE",
      "address": "371 Buckley Mill Rd.",
      "zip": "19805",
      "phone": "(302) 551-6100",
      "hasPickup": true,
      "hasDelivery": true,
      "hasPharmacy": false
    },
    "120": {
      "number": 120,
      "name": "Virginia Beach",
      "city": "Virginia Beach",
      "state": "VA",
      "address": "4721 Virginia Beach Blvd",
      "zip": "23462",
      "phone": "757-271-0500",
      "hasPickup": true,
      "hasDelivery": true,
      "hasPharmacy": false
    },
    "124": {
      "number": 124,
      "name": "Chestnut Hill",
      "city": "Chestnut Hill",
      "state": "MA",
      "address": "200 Boylston Street",
      "zip": "02467",
      "phone": "617-762-2000",
      "hasPickup": true,
      "hasDelivery": true,
      "hasPharmacy": true
    },
    "125": {
      "number": 125,
      "name": "Owings Mills",
      "city": "Owings Mills",
      "state": "MD",
      "address": "10100 Reisterstown Road",
      "zip": "21117",
      "phone": "443-471-2300",
      "hasPickup": true,
      "hasDelivery": true,
      "hasPharmacy": true
    },
    "126": {
      "number": 126,
      "name": "Concordville",
      "city": "Glen Mills",
      "state": "PA",
      "address": "100 Applied Bank Blvd",
      "zip": "19342",
      "phone": "484-785-9900",
      "hasPickup": true,
      "hasDelivery": true,
      "hasPharmacy": true
    },
    "127": {
      "number": 127,
      "name": "Charlottesville",
      "city": "Charlottesville",
      "state": "VA",
      "address": "100 Wegmans Way",
      "zip": "22902",
      "phone": "434-529-3200",
      "hasPickup": true,
      "hasDelivery": true,
      "hasPharmacy": true
    },
    "128": {
      "number": 128,
      "name": "Hanover",
      "city": "Parsippany",
      "state": "NJ",
      "address": "34 Sylvan Way",
      "zip": "07054",
      "phone": "973-434-1500",
      "hasPickup": true,
      "hasDelivery": true,
      "hasPharmacy": true
    },
    "129": {
      "number": 129,
      "name": "Midlothian",
      "city": "Midlothian",
      "state": "VA",
      "address": "12501 Stone Village Way",
      "zip": "23113",
      "phone": "804-419-9900",
      "hasPickup": true,
      "hasDelivery": true,
      "hasPharmacy": true
    },
    "130": {
      "number": 130,
      "name": "Short Pump",
      "city": "Henrico",
      "state": "VA",
      "address": "12200 Wegmans Blvd",
      "zip": "23233",
      "phone": "804-377-4100",
      "hasPickup": true,
      "hasDelivery": true,
      "hasPharmacy": true
    },
    "133": {
      "number": 133,
      "name": "Chantilly",
      "city": "Chantilly",
      "state": "VA",
      "address": "14361 Newbrook Drive",
      "zip": "20151",
      "phone": "571-525-5525",
      "hasPickup": true,
      "hasDelivery": true,
      "hasPharmacy": true
    },
    "134": {
      "number": 134,
      "name": "Medford",
      "city": "Medford",
      "state": "MA",
      "address": "3850 Mystic Valley Parkway",
      "zip": "02155",
      "phone": "339-221-5700",
      "hasPickup": true,
      "hasDelivery": true,
      "hasPharmacy": false
    },
    "135": {
      "number": 135,
      "name": "Lancaster",
      "city": "Lancaster",
      "state": "PA",
      "address": "2000 Crossings Blvd",
      "zip": "17601",
      "phone": "717-358-9400",
      "hasPickup": true,
      "hasDelivery": true,
      "hasPharmacy": true
    },
    "139": {
      "number": 139,
      "name": "West Cary",
      "city": "Morrisville",
      "state": "NC",
      "address": "3710 Davis Drive",
      "zip": "27560",
      "phone": "919-415-0210",
      "hasPickup": true,
      "hasDelivery": true,
      "hasPharmacy": false
    },
    "140": {
      "number": 140,
      "name": "Chapel Hill",
      "city": "Chapel Hill",
      "state": "NC",
      "address": "1810 Fordham Blvd",
      "zip": "27514",
      "phone": "919-864-7400",
      "hasPickup": true,
      "hasDelivery": true,
      "hasPharmacy": false
    },
    "141": {
      "number": 141,
      "name": "Harrison",
      "city": "Harrison",
      "state": "NY",
      "address": "106 Corporate Park Drive",
      "zip": "10604",
      "phone": "914-539-3700",
      "hasPickup": true,
      "hasDelivery": true,
      "hasPharmacy": false
    },
    "142": {
      "number": 142,
      "name": "Carlyle",
      "city": "Alexandria",
      "state": "VA",
      "address": "150 Stovall St.",
      "zip": "22314",
      "phone": "571-473-5100",
      "hasPickup": true,
      "hasDelivery": true,
      "hasPharmacy": false
    },
    "143": {
      "number": 143,
      "name": "Wisconsin Ave",
      "city": "Washington",
      "state": "DC",
      "address": "41 Ridge Sq. NW",
      "zip": "20016",
      "phone": "202-449-1600",
      "hasPickup": true,
      "hasDelivery": true,
      "hasPharmacy": false
    },
    "145": {
      "number": 145,
      "name": "Wake Forest",
      "city": "Wake Forest",
      "state": "NC",
      "address": "11051 Ligon Mill Rd.",
      "zip": "27587",
      "phone": "919-575-3800",
      "hasPickup": true,
      "hasDelivery": true,
      "hasPharmacy": false
    },
    "146": {
      "number": 146,
      "name": "Reston",
      "city": "Reston",
      "state": "VA",
      "address": "11950 Hopper St.",
      "zip": "20191",
      "phone": "703-621-2400",
      "hasPickup": true,
      "hasDelivery": true,
      "hasPharmacy": false
    },
    "148": {
      "number": 148,
      "name": "Rockville",
      "city": "Rockville",
      "state": "MD",
      "address": "1590 Rockville Pike",
      "zip": "20852",
      "phone": "240-880-3800",
      "hasPickup": true,
      "hasDelivery": true,
      "hasPharmacy": false
    }
  },
  "validStoreNumbers": [
    1,
    3,
    4,
    6,
    7,
    8,
    9,
    10,
    11,
    12,
    13,
    14,
    16,
    17,
    18,
    19,
    20,
    22,
    24,
    25,
    26,
    30,
    31,
    32,
    33,
    34,
    35,
    36,
    37,
    38,
    39,
    40,
    41,
    42,
    43,
    44,
    45,
    46,
    47,
    48,
    49,
    50,
    51,
    53,
    54,
    55,
    56,
    57,
    58,
    59,
    60,
    62,
    63,
    64,
    65,
    66,
    67,
    68,
    69,
    70,
    71,
    73,
    74,
    75,
    76,
    77,
    78,
    79,
    80,
    82,
    83,
    84,
    86,
    87,
    88,
    89,
    90,
    91,
    92,
    93,
    94,
    95,
    96,
    97,
    98,
    104,
    105,
    108,
    111,
    115,
    119,
    120,
    124,
    125,
    126,
    127,
    128,
    129,
    130,
    133,
    134,
    135,
    139,
    140,
    141,
    142,
    143,
    145,
    146,
    148
  ]
}